{
  "$schema": "https://schema.management.azure.com/schemas/2019-04-01/deploymentTemplate.json#",
  "contentVersion": "1.0.0.0",
  "parameters": {
    "functionPlanName": {
      "type": "string",
      "defaultValue": "[concat('nblab-asp', uniqueString(resourceGroup().id))]"
    },
    "functionAppName": {
      "type": "string",
      "defaultValue": "[concat('nblab-fa-', uniqueString(resourceGroup().id))]"
    },
    "functionAppRuntime": {
      "type": "string",
      "defaultValue": "dotnet-isolated"
    },
    "functionAppRuntimeVersion": {
      "type": "string",
      "defaultValue": "8.0"
    },
    "applicationZipUrl": {
      "type": "string"
    },
    "storageAccountName": {
      "type": "string",
      "defaultValue": "[concat('nblab-sa', uniqueString(resourceGroup().id))]"
    },
    "logAnalyticsName": {
      "type": "string",
      "defaultValue": "[concat('nblab-la', uniqueString(resourceGroup().id))]"
    },
    "applicationInsightsName": {
      "type": "string",
      "defaultValue": "[concat('nblab-appi', uniqueString(resourceGroup().id))]"
    }
  },
  "variables": {
    "resourceToken": "[toLower(uniqueString(subscription().id, resourceGroup().name, parameters('location')))]",
    "deploymentStorageContainerName": "[concat('app-package-', take(parameters('functionAppName'), 32),'-', take(variables('resourceToken'), 7))]",
    "storageRoleDefinitionId": "b7e6dc6d-f1e8-4753-8033-0f276bb0955b" //Storage Blob Data Owner role

  },
  "resources": [
    {
      "type": "microsoft.operationalinsights/workspaces",
      "apiVersion": "2021-06-01",
      "name": "[parameters('logAnalyticsName')]",
      "location": "[resourceGroup().location]",
      "properties": {
        "retentionInDays": 30,
        "features": {
          "searchVersion": 1
        },
        "sku": {
          "name": "PerGB2018"
        }
      }
    },
    {
      "type": "Microsoft.Insights/components",
      "apiVersion": "2020-02-02",
      "name": "[parameters('applicationInsightsName')]",
      "location": "[resourceGroup().location]",
      "kind": "web",
      "properties": {
        "Application_Type": "web",
        "WorkspaceResourceId": "[resourceId('Microsoft.OperationalInsights/workspaces', parameters('logAnalyticsName'))]"
      },
      "dependsOn": [
        "[resourceId('Microsoft.OperationalInsights/workspaces', parameters('logAnalyticsName'))]"
      ]
    },
    {
      "type": "Microsoft.Storage/storageAccounts",
      "apiVersion": "2023-01-01",
      "name": "[parameters('storageAccountName')]",
      "location": "[resourceGroup().location]",
      "sku": {
        "name": "Standard_LRS",
        "tier": "Standard"
      },
      "kind": "StorageV2",
      "properties": {
        "accessTier": "Hot",
        "allowSharedKeyAccess": false
      }
    },
    {
      "type": "Microsoft.Storage/storageAccounts/blobServices",
      "apiVersion": "2023-01-01",
      "name": "[format('{0}/{1}', parameters('storageAccountName'), 'default')]",
      "dependsOn": [
        "[resourceId('Microsoft.Storage/storageAccounts', parameters('storageAccountName'))]"
      ]
    },
    {
      "type": "Microsoft.Storage/storageAccounts/blobServices/containers",
      "apiVersion": "2023-01-01",
      "name": "[format('{0}/{1}/{2}', parameters('storageAccountName'), 'default', variables('deploymentStorageContainerName'))]",
      "properties": {
        "publicAccess": "None"
      },
      "dependsOn": [
        "[resourceId('Microsoft.Storage/storageAccounts/blobServices', parameters('storageAccountName'), 'default')]"
      ]
    },
    {
      "type": "Microsoft.Web/serverfarms",
      "apiVersion": "2023-12-01",
      "name": "[parameters('functionPlanName')]",
      "location": "[resourceGroup().location]",
      "kind": "functionapp",
      "sku": {
        "tier": "FlexConsumption",
        "name": "FC1"
      },
      "properties": {
        "reserved": true
      }
    },
    {
      "type": "Microsoft.Web/sites",
      "apiVersion": "2023-12-01",
      "name": "[parameters('functionAppName')]",
      "location": "[resourceGroup().location]",
      "kind": "functionapp,linux",
      "identity": {
        "type": "SystemAssigned"
      },
      "properties": {
        "serverFarmId": "[resourceId('Microsoft.Web/serverfarms', parameters('functionPlanName'))]",
        "functionAppConfig": {
          "deployment": {
            "storage": {
              "type": "blobContainer",
              "value": "[concat(reference(resourceId('Microsoft.Storage/storageAccounts', parameters('storageAccountName'))).primaryEndpoints.blob, variables('deploymentStorageContainerName'))]",
              "authentication": {
                "type": "SystemAssignedIdentity"
              }
            }
          },
          "scaleAndConcurrency": {
            "maximumInstanceCount": "100",
            "instanceMemoryMB": "2048"
          },
          "runtime": {
            "name": "[parameters('functionAppRuntime')]",
            "version": "[parameters('functionAppRuntimeVersion')]"
          }
        },
        "siteConfig": {
          "appSettings": [
            {
              "name": "AzureWebJobsStorage__accountName",
              "value": "[parameters('storageAccountName')]"
            },
            {
              "name": "APPLICATIONINSIGHTS_CONNECTION_STRING",
              "value": "[reference(resourceId('Microsoft.Insights/components', parameters('applicationInsightsName')), '2020-02-02').ConnectionString]"
            },
            {
              "name": "WEBSITE_RUN_FROM_ZIP",
              "value": "[parameters('applicationZipUrl')]"
            }
          ]
        }
      },
      "dependsOn": [
        "[resourceId('Microsoft.Web/serverfarms', parameters('functionPlanName'))]",
        "[resourceId('Microsoft.Storage/storageAccounts', parameters('storageAccountName'))]",
        "[resourceId('Microsoft.Insights/components', parameters('applicationInsightsName'))]"
      ]
    },
    { //Gives the function app access to the storage account using system assigned managed identity
      "type": "Microsoft.Authorization/roleAssignments",
      "apiVersion": "2020-04-01-preview",
      "name": "[guid(resourceId('Microsoft.Storage/storageAccounts', parameters('storageAccountName')), variables('storageRoleDefinitionId'))]",
      "scope": "[concat('Microsoft.Storage/storageAccounts', '/', parameters('storageAccountName'))]",
      "properties": {
        "roleDefinitionId": "[resourceId('Microsoft.Authorization/roleDefinitions', variables('storageRoleDefinitionId'))]",
        "principalId": "[reference(resourceId('Microsoft.Web/sites', parameters('functionAppName')), '2023-12-01', 'Full').identity.principalId]"
      },
      "dependsOn": [
        "[resourceId('Microsoft.Storage/storageAccounts', parameters('storageAccountName'))]",
        "[resourceId('Microsoft.Web/sites', parameters('functionAppName'))]"
      ]
    }
  ]
}