{
  "$schema": "https://schema.management.azure.com/schemas/2019-04-01/deploymentTemplate.json#",
  "contentVersion": "1.0.0.0",
  "parameters": {

    "location": {
      "type": "string",
      "defaultValue": "[resourceGroup().location]"
    },
    "functionPlanName": {
      "type": "string",
      "defaultValue": "[concat('nblab-asp-', uniqueString(resourceGroup().id, deployment().name))]"
    },
    "functionAppName": {
      "type": "string",
      "defaultValue": "[concat('nblab-fa-', uniqueString(resourceGroup().id, deployment().name))]"
    },
    "aiServicesName": {
      "type": "string",
      "defaultValue": "[concat('nblab-aicv-', uniqueString(resourceGroup().id, deployment().name))]"
    },
    "functionAppRuntime": {
      "type": "string",
      "defaultValue": "dotnet-isolated"
    },
    "functionAppRuntimeVersion": {
      "type": "string",
      "defaultValue": "8.0"
    },
    "applicationZipUrl": {
      "type": "string"
    },
    "storageAccountName": {
      "type": "string",
      "defaultValue": "[concat('nblabsa', uniqueString(resourceGroup().id, deployment().name))]"
    },
    "logAnalyticsName": {
      "type": "string",
      "defaultValue": "[concat('nblab-la-', uniqueString(resourceGroup().id, deployment().name))]"
    },
    "applicationInsightsName": {
      "type": "string",
      "defaultValue": "[concat('nblab-appi-', uniqueString(resourceGroup().id, deployment().name))]"
    }
  },
  "variables": {
    "resourceToken": "[toLower(uniqueString(subscription().id, resourceGroup().name, resourceGroup().location))]",
    "deploymentStorageContainerName": "[concat('app-package-', take(parameters('functionAppName'), 32),'-', take(variables('resourceToken'), 7))]",
    "storageRoleDefinitionId": "b7e6dc6d-f1e8-4753-8033-0f276bb0955b" //Storage Blob Data Owner role

  },
  "resources": [
    {
      "type": "microsoft.operationalinsights/workspaces",
      "apiVersion": "2021-06-01",
      "name": "[parameters('logAnalyticsName')]",
      "location": "[parameters('location')]",
      "properties": {
        "retentionInDays": 30,
        "features": {
          "searchVersion": 1
        },
        "sku": {
          "name": "PerGB2018"
        }
      }
    },
    {
      "type": "Microsoft.Insights/components",
      "apiVersion": "2020-02-02",
      "name": "[parameters('applicationInsightsName')]",
      "location": "[parameters('location')]",
      "kind": "web",
      "properties": {
        "Application_Type": "web",
        "WorkspaceResourceId": "[resourceId('Microsoft.OperationalInsights/workspaces', parameters('logAnalyticsName'))]"
      },
      "dependsOn": [
        "[resourceId('Microsoft.OperationalInsights/workspaces', parameters('logAnalyticsName'))]"
      ]
    },
    {
      "type": "Microsoft.Storage/storageAccounts",
      "apiVersion": "2023-01-01",
      "name": "[parameters('storageAccountName')]",
      "location": "[parameters('location')]",
      "sku": {
        "name": "Standard_LRS",
        "tier": "Standard"
      },
      "kind": "StorageV2",
      "properties": {
        "accessTier": "Hot"
      }
    },
    {
      "type": "Microsoft.Web/serverfarms",
      "apiVersion": "2023-12-01",
      "name": "[parameters('functionPlanName')]",
      "location": "[parameters('location')]",
      "kind": "functionapp",
      "sku": {
        "name": "Y1",
        "tier": "Dynamic",
        "size": "Y1",
        "family": "Y",
        "capacity": 0
      },
      "properties": {
        "perSiteScaling": false,
        "elasticScaleEnabled": false,
        "maximumElasticWorkerCount": 1,
        "isSpot": false,
        "reserved": true,
        "isXenon": false,
        "hyperV": false,
        "targetWorkerCount": 0,
        "targetWorkerSizeId": 0,
        "zoneRedundant": false
      }
    },
    {
      "type": "Microsoft.Web/sites",
      "apiVersion": "2023-12-01",
      "name": "[parameters('functionAppName')]",
      "location": "[parameters('location')]",
      "kind": "functionapp,linux",
      "identity": {
        "type": "SystemAssigned"
      },
      "properties": {
        "serverFarmId": "[resourceId('Microsoft.Web/serverfarms', parameters('functionPlanName'))]",
        "siteConfig": {
          "linuxFxVersion": "[concat(parameters('functionAppRuntime'),'|', parameters('functionAppRuntimeVersion'))]",
          "appSettings": [
            {
              "name": "AzureWebJobsStorage__accountName",
              "value": "[parameters('storageAccountName')]"
            },
            {
              "name": "APPLICATIONINSIGHTS_CONNECTION_STRING",
              "value": "[reference(resourceId('Microsoft.Insights/components', parameters('applicationInsightsName')), '2020-02-02').ConnectionString]"
            },
            {
              "name": "FUNCTIONS_EXTENSION_VERSION",
              "value": "~4"
            },
            {
              "name": "WEBSITE_RUN_FROM_PACKAGE",
              "value": "[parameters('applicationZipUrl')]"
            },
            {
              "name": "FUNCTIONS_WORKER_RUNTIME",
              "value": "dotnet-isolated"
            },
            {
              "name": "VISION_ENDPOINT",
              "value": "[concat('https://', parameters('aiServicesName'), '.cognitiveservices.azure.com/')]"
            },
            {
              "name": "VISION_KEY",
              "value": "[listkeys(resourceId('Microsoft.CognitiveServices/accounts', parameters('aiServicesName')), '2023-05-01').key1]"
            },
            {
              "name": "AzureWebJobsStorage",
              "value": "[format('DefaultEndpointsProtocol=https;AccountName={0};EndpointSuffix={1};AccountKey={2}', parameters('storageAccountName'), environment().suffixes.storage, listKeys(resourceId('Microsoft.Storage/storageAccounts', parameters('storageAccountName')), '2022-05-01').keys[0].value)]"
            },
            {
              "name": "WEBSITE_CONTENTAZUREFILECONNECTIONSTRING",
              "value": "[format('DefaultEndpointsProtocol=https;AccountName={0};EndpointSuffix={1};AccountKey={2}', parameters('storageAccountName'), environment().suffixes.storage, listKeys(resourceId('Microsoft.Storage/storageAccounts', parameters('storageAccountName')), '2022-05-01').keys[0].value)]"
            },
            {
              "name": "WEBSITE_CONTENTSHARE",
              "value": "[toLower(parameters('functionAppName'))]"
            }
          ]
        }
      },
      "dependsOn": [
        "[resourceId('Microsoft.Web/serverfarms', parameters('functionPlanName'))]",
        "[resourceId('Microsoft.Storage/storageAccounts', parameters('storageAccountName'))]",
        "[resourceId('Microsoft.Insights/components', parameters('applicationInsightsName'))]",
        "[resourceId('Microsoft.CognitiveServices/accounts', parameters('aiServicesName'))]"
      ]
    },
    {
      "type": "Microsoft.Web/sites/slots",
      "apiVersion": "2023-12-01",
      "name": "[format('{0}/{1}', parameters('functionAppName'), 'DeploymentSlot1')]",
      "location": "[parameters('location')]",
      "kind": "functionapp,linux",
      "identity": {
        "type": "SystemAssigned"
      },
      "properties": {
        "serverFarmId": "[resourceId('Microsoft.Web/serverfarms', parameters('functionPlanName'))]",
        "siteConfig": {
          "linuxFxVersion": "[concat(parameters('functionAppRuntime'),'|', parameters('functionAppRuntimeVersion'))]",
          "appSettings": [
            {
              "name": "APPLICATIONINSIGHTS_CONNECTION_STRING",
              "value": "[reference(resourceId('Microsoft.Insights/components', parameters('applicationInsightsName')), '2020-02-02').ConnectionString]"
            },
            {
              "name": "FUNCTIONS_EXTENSION_VERSION",
              "value": "~4"
            },
            {
              "name": "FUNCTIONS_WORKER_RUNTIME",
              "value": "dotnet-isolated"
            },
            {
              "name": "VISION_ENDPOINT",
              "value": "[concat('https://', parameters('aiServicesName'), '.cognitiveservices.azure.com/')]"
            },
            {
              "name": "VISION_KEY",
              "value": "[listkeys(resourceId('Microsoft.CognitiveServices/accounts', parameters('aiServicesName')), '2023-05-01').key1]"
            },
            {
              "name": "AzureWebJobsStorage",
              "value": "[format('DefaultEndpointsProtocol=https;AccountName={0};EndpointSuffix={1};AccountKey={2}', parameters('storageAccountName'), environment().suffixes.storage, listKeys(resourceId('Microsoft.Storage/storageAccounts', parameters('storageAccountName')), '2022-05-01').keys[0].value)]"
            },
            {
              "name": "WEBSITE_CONTENTAZUREFILECONNECTIONSTRING",
              "value": "[format('DefaultEndpointsProtocol=https;AccountName={0};EndpointSuffix={1};AccountKey={2}', parameters('storageAccountName'), environment().suffixes.storage, listKeys(resourceId('Microsoft.Storage/storageAccounts', parameters('storageAccountName')), '2022-05-01').keys[0].value)]"
            },
            {
              "name": "WEBSITE_CONTENTSHARE",
              "value": "[toLower(parameters('functionAppName'))]"
            }
          ]
        }
      },
      "dependsOn": [
        "[resourceId('Microsoft.Web/serverfarms', parameters('functionPlanName'))]",
        "[resourceId('Microsoft.Storage/storageAccounts', parameters('storageAccountName'))]",
        "[resourceId('Microsoft.Insights/components', parameters('applicationInsightsName'))]",
        "[resourceId('Microsoft.Web/sites', parameters('functionAppName'))]",
        "[resourceId('Microsoft.CognitiveServices/accounts', parameters('aiServicesName'))]"
      ]
    },
    {
      "type": "Microsoft.CognitiveServices/accounts",
      "apiVersion": "2023-05-01",
      "name": "[parameters('aiServicesName')]",
      "location": "[parameters('location')]",
      "identity": {
        "type": "SystemAssigned"
      },
      "kind": "ComputerVision",
      "sku": {
        "name": "S1"
      },
      "properties": {
        "publicNetworkAccess": "Enabled"
      }
    }
  ]
}